Metric,Value
RMSE,23586.722093467823
R²,0.7409845029902428
MAPE,34.05169837381894
Akurasi (%),65.94830162618106
